{
  "code-review-flow": {
    "steps/review/analyze.step.ts": {
      "x": 124,
      "y": 296.60142964388086
    },
    "steps/review/compose.step.ts": {
      "x": 143.49621486593213,
      "y": 818.6047543295139
    },
    "steps/review/consider.step.ts": {
      "x": -202.46473025245277,
      "y": 823.0036428583883
    },
    "steps/review/plan.step.ts": {
      "x": 161.49621486593207,
      "y": 1003.493900383156
    },
    "steps/review/reflect.step.ts": {
      "x": -60.80236648385164,
      "y": 648.1031001125338
    },
    "steps/review/reviewRequest.api.step.ts": {
      "x": 42,
      "y": 0
    },
    "steps/review/suggest.step.ts": {
      "x": -63.183718152699456,
      "y": 449.62939811893546
    }
  }
}