{
  "code-review-flow": {
    "steps/code-review/backPropogate.step.ts": {
      "x": -276.94692802717634,
      "y": 161.14844862078894
    },
    "steps/code-review/controller.step.ts": {
      "x": -46.29624061454351,
      "y": 286.7614744235244
    },
    "steps/code-review/expandNode.step.ts": {
      "x": -268.74130860130003,
      "y": 1077.3593075348358
    },
    "steps/code-review/reviewRequest.api.step.ts": {
      "x": -69.95757844939367,
      "y": -4.161092907394156
    },
    "steps/code-review/selectBestMove.step.ts": {
      "x": -162.28139301318578,
      "y": 443.15601221011855
    },
    "steps/code-review/selectNode.step.ts": {
      "x": -264.89720623833705,
      "y": 958.4637347192617
    },
    "steps/code-review/simulate.step.ts": {
      "x": -457.4556811250512,
      "y": 502.8085970154491
    },
    "steps/code-review/markdownReport.step.ts": {
      "x": -165.0727771969252,
      "y": 559.2831645765912
    },
    "steps/code-review/errorHandler.step.ts": {
      "x": 87.03754030540566,
      "y": 440.769737846312
    },
    "steps/code_review/backPropogate.step.ts": {
      "x": 482.78880838092454,
      "y": -34.45271593026894
    },
    "steps/code_review/controller.step.py": {
      "x": 698.0986804178041,
      "y": 115.88357485722614
    },
    "steps/code_review/errorHandler.step.ts": {
      "x": 761.2555434413215,
      "y": 573.5852712705303
    },
    "steps/code_review/expand_node.step.py": {
      "x": 490.10225048091127,
      "y": 866.3185460625251
    },
    "steps/code_review/markdownReport.step.ts": {
      "x": 587.756293983574,
      "y": 370.22794465984884
    },
    "steps/code_review/reviewRequest.api.step.ts": {
      "x": 674.4259005059746,
      "y": -130.85854446448542
    },
    "steps/code_review/selectBestMove.step.ts": {
      "x": 590.7562939835741,
      "y": 253.79787908024895
    },
    "steps/code_review/select_node.step.py": {
      "x": 494.1022504809115,
      "y": 749.8884804829252
    },
    "steps/code_review/simulate.step.py": {
      "x": 303.6103294960392,
      "y": 334.3152271315404
    }
  }
}