{
  "code-review-flow": {
    "steps/code-review/backPropogate.step.ts": {
      "x": -276.94692802717634,
      "y": 161.14844862078894
    },
    "steps/code-review/controller.step.ts": {
      "x": -46.29624061454351,
      "y": 286.7614744235244
    },
    "steps/code-review/expandNode.step.ts": {
      "x": -268.74130860130003,
      "y": 1077.3593075348358
    },
    "steps/code-review/reviewRequest.api.step.ts": {
      "x": -69.95757844939367,
      "y": -4.161092907394156
    },
    "steps/code-review/selectBestMove.step.ts": {
      "x": -162.28139301318578,
      "y": 443.15601221011855
    },
    "steps/code-review/selectNode.step.ts": {
      "x": -264.89720623833705,
      "y": 958.4637347192617
    },
    "steps/code-review/simulate.step.ts": {
      "x": -457.4556811250512,
      "y": 502.8085970154491
    },
    "steps/code-review/markdownReport.step.ts": {
      "x": -165.0727771969252,
      "y": 559.2831645765912
    }
  }
}