{
  "default": {
    "steps/api.step.ts": {
      "x": 0,
      "y": 0
    },
    "steps/one.step.ts": {
      "x": 18,
      "y": 236
    },
    "steps/two.step.ts": {
      "x": 8,
      "y": 412
    }
  },
  "research": {
    "steps/analyze-content.step.ts": {
      "x": 176.64812704156816,
      "y": 336.3731156239254
    },
    "steps/compile-report.step.ts": {
      "x": -128.22588060939157,
      "y": 521.7708601599311
    },
    "steps/extract-content.step.ts": {
      "x": 161.67393536324775,
      "y": 72.7514542247867
    },
    "steps/follow-up-research.step.ts": {
      "x": 166.13397301722205,
      "y": 666.9093534377828
    },
    "steps/generate-queries.step.ts": {
      "x": 666.8959354531422,
      "y": 117.82206970610375
    },
    "steps/report-api.step.ts": {
      "x": 277.99357414977885,
      "y": -183.43116254806148
    },
    "steps/research-api.step.ts": {
      "x": 617.2619376336042,
      "y": -183.68970344677325
    },
    "steps/search-web.step.ts": {
      "x": 710.3514366789453,
      "y": 450.7226980130436
    },
    "steps/status-api.step.ts": {
      "x": -123.15845212892978,
      "y": -185.3889865068358
    }
  }
}