{
  "default": {},
  "resume-analysis": {
    "steps/api-steps/trigger-resume-analysis.step.ts": {
      "x": 0,
      "y": 0
    },
    "steps/event-steps/analyze-resume.step.ts": {
      "x": 26.5,
      "y": 204
    },
    "steps/event-steps/match-positions.step.ts": {
      "x": 24.5,
      "y": 380
    },
    "steps/event-steps/generate-summary.step.ts": {
      "x": 16,
      "y": 556
    }
  },
  "rag-workflow": {
    "steps/api-steps/process-pdfs.step.ts": {
      "x": 0,
      "y": 0
    },
    "steps/api-steps/query-rag.step.ts": {
      "x": 655.2918192098077,
      "y": 2.4081930274456838
    },
    "steps/event-steps/load-weaviate.step.ts": {
      "x": 305.0937068114117,
      "y": 493.58856459595967
    },
    "steps/event-steps/process-pdfs.step.py": {
      "x": -98.46956788260296,
      "y": 480.82815788552796
    },
    "steps/api-steps/trigger-pdf-processing.step.ts": {
      "x": -96.56887191558423,
      "y": 3.2109240365942426
    },
    "steps/event-steps/process-pdf.step.py": {
      "x": 326.8149917789989,
      "y": 192.3713494507399
    },
    "steps/event-steps/read-pdfs.step.ts": {
      "x": -85.02320890063677,
      "y": 205.36836385957574
    },
    "steps/api-steps/api-process-pdfs.step.ts": {
      "x": 71.25,
      "y": 0
    },
    "steps/api-steps/api-query-rag.step.ts": {
      "x": 622.5285180150489,
      "y": 2.064770527296588
    },
    "steps/event-steps/init-weaviate.step.ts": {
      "x": 297.3269559307097,
      "y": 203.99999999999997
    }
  }
}